Account Name,County (service area),Billing Street,Billing City,Billing State,Billing Code,Contact Name,Organization type,Priority,Outreach status,Who they serve,Website,Notes / partnership details
St. Vincent de Paul CARES - Polk County,Polk County,,,,,St. Vincent de Paul CARES - Polk County,Nonprofit,High,Email Sent,Veterans and non-veterans experiencing homelessness,https://www.svdpsp.org/service-areas/polk-county/,Strong candidate for veteran and family referrals.
Talbot House Ministries,Polk County,,,,,Talbot House Ministries,Nonprofit,High,Email Sent,Individuals and families experiencing homelessness or housing instability,https://talbothouse.org/affordable-housing/,Rapid rehousing is by referral from the Homeless Coalition of Polk County.
Heart for Winter Haven - Housing Partnership of Winter Haven,Polk County,,,,,Heart for Winter Haven - Housing Partnership of Winter Haven,Nonprofit,High,Email Sent,"Vulnerable families facing housing instability, eviction risk, or homelessness",https://www.heart4wh.org/hpwh,Good relationship target for family placements and landlord collaboration.
Catholic Charities of Central Florida - Family Stability Program,Polk County,,,,,Catholic Charities of Central Florida - Family Stability Program,Nonprofit,High,,"Men, women, and families at risk of homelessness or experiencing homelessness",https://cflcc.org/financial-assistance/family-stability-program/,"Program says up to $1,000 rental help and up to $500 utility help, case-manager reviewed."
United Way of Central Florida 211,Polk County,,,,,United Way of Central Florida 211,Nonprofit,Medium,,"Residents needing emergency housing resources, security deposit help, and landlord-tenant support",https://uwcf.org/211/,"City of Lakeland page says 211 coordinates emergency housing, deposit assistance, and landlord-tenant resources."
The Salvation Army of Winter Haven / East Polk,Polk County,,,,,The Salvation Army of Winter Haven / East Polk,Nonprofit,Medium,Email Sent,Residents in financial hardship at risk of homelessness,https://winterhaven.salvationarmyflorida.org/winterhaven/ways-we-help-1/,Included by Polk rental-assistance resource as an application-taking agency.
"Agricultural and Labor Program, Inc. (ALPI)",Polk County,,,,,"Agricultural and Labor Program, Inc. (ALPI)",Nonprofit,Medium,Email Sent,Income-qualified Polk County residents needing rental assistance,https://www.alpi.org,Included by Polk rental-assistance resource as an agency accepting applications.
Homeless Services Network of Central Florida,Orange County,,,,,Homeless Services Network of Central Florida,Nonprofit,High,,"Families, veterans, youth, survivors, people with disabilities, households experiencing homelessness",https://www.hsncfl.org,Regional system lead for Orange and Osceola.
Coalition for the Homeless of Central Florida,Orange County,18 N Terry Ave,Orlando,FL ,32801,Coalition for the Homeless of Central Florida,Nonprofit,High,Email Sent,"Men, women, children, and families experiencing homelessness",https://www.centralfloridahomeless.org,Good partner for diversion and family stabilization conversations.
Christian Service Center,Orange County,808 W Central Blvd,Orlando,FL ,32805,Christian Service Center,Nonprofit,High,,Individuals and families struggling with homelessness or poverty in Central Florida,https://www.christianservicecenter.org/downtownorlando,City of Orlando page confirms emergency financial assistance.
Catholic Charities of Central Florida - Family Stability Program,Orange County,,,,,Catholic Charities of Central Florida - Family Stability Program,Nonprofit,High,,"Men, women, and families at risk of homelessness or experiencing homelessness",https://cflcc.org/financial-assistance/family-stability-program/,Requires household income and limits on amount owed / eviction status.
Samaritan Resource Center,Orange County,9837 E Colonial Dr,Orlando,FL ,32817,Samaritan Resource Center,Nonprofit,Medium,,Adults experiencing homelessness in East Orange County,https://samaritanresourcecenter.org/services/,Best fit for referral visibility and case-manager relationships.
Matthew's Hope Ministries,Orange County,611 Business Park Blvd #101,Winter Garden,FL,34787,Matthew's Hope Ministries,Nonprofit,Medium,,"Homeless men, women, and children in Orange County",https://www.matthewshopeministries.org/ourstory,Good for bridge-housing conversations even though it is not an emergency shelter.
Orange County Crisis Assistance Program,Orange County,,,,,Orange County Crisis Assistance Program,County program,Medium,,Orange County households with recent financial crisis and past-due housing costs,https://ocfl.net/FamiliesHealthSocialSvcs/CrisisAssistanceProgram.aspx,"Government option rather than nonprofit, but still relevant for fund flow."
Orange County Housing Choice Voucher / TBRA,Orange County,,,,,Orange County Housing Choice Voucher / TBRA,County program,Low,Email Sent,Very low-income households using rental vouchers,https://www.orangecountyfl.net/NeighborsHousing/RentalAssistance.aspx,Page says the Housing Choice Voucher waiting list is not currently accepting applications.
Salvation Army Orlando Social Services,Orange County,,,,,Salvation Army Orlando Social Services,Nonprofit,Medium,,Households in emergency need,https://orlando.salvationarmyflorida.org,City of Orlando page confirms emergency financial assistance.
Homeless Services Network of Central Florida,Osceola County,142 E Jackson St,Orlando,FL ,32801,Homeless Services Network of Central Florida,Nonprofit,High,Email Sent,"Families, veterans, youth, survivors, people with disabilities, households experiencing homelessness",https://www.hsncfl.org,Important relationship for countywide referrals.
Osceola County Homeless Services,Osceola County,1392 E Vine St,Kissimmee,FL,34744,Osceola County Homeless Services,County program,High,,"Residents at risk of homelessness, doubled-up households, households in extended-stay hotels, families with children",https://www.osceola.org/Services/Housing-Programs/Homeless-Services,Government option but highly relevant to your use case.
Osceola County CDBG Emergency Rental Assistance Program,Osceola County,,,,,Osceola County CDBG Emergency Rental Assistance Program,County program,Medium,,Low-income residents in danger of homelessness outside Kissimmee city limits,https://www.osceola.org/Services/Housing-Programs/Community-Development-Block-Grant/CDBG-Emergency-Rental-Assistance-Program,Can help only if assistance brings household current.
Osceola County Security / Utility Deposits Rental Assistance,Osceola County,,,,,Osceola County Security / Utility Deposits Rental Assistance,County program,High,Email Sent,Eligible residents seeking residence in rental housing within Osceola County,https://www.osceola.org/Services/Housing-Programs/SHIP/Security-andor-Utility-Deposits-Rental-Assistance,"Program states assistance up to $1,500 combined or separately depending on eligibility."
Catholic Charities of Central Florida - Family Stability Program,Osceola County,,,,,Catholic Charities of Central Florida - Family Stability Program,Nonprofit,High,,"Men, women, and families at risk of homelessness or experiencing homelessness",https://cflcc.org/financial-assistance/family-stability-program/,Holy Redeemer in Kissimmee is listed as one service location.
Osceola Council on Aging - Building Strong Families,Osceola County,,,,,Osceola Council on Aging - Building Strong Families,Nonprofit,High,,Low-income Osceola families with school-aged children at risk of homelessness,https://osceolagenerations.org/building-strong-families/,Program focuses on families with school-aged children.
Osceola Council on Aging - Housing Stability Program,Osceola County,,,,,Osceola Council on Aging - Housing Stability Program,Nonprofit,Medium,,Osceola households with children in unstable housing and loss of income,https://osceolagenerations.org/building-strong-families-housing-stability-program/,Page currently says applications are not being accepted; still worth tracking.
City of Kissimmee housing resource hub,Osceola County,,,,,City of Kissimmee housing resource hub,City referral hub,Medium,,Osceola residents seeking emergency rental or supportive services,https://www.kissimmee.gov/Services/Social-Services-Quality-of-Life-Programs/Available-Resources-and-Help,Useful for identifying programs backed by local government.
The Salvation Army Kissimmee,Osceola County,,,,,The Salvation Army Kissimmee,Nonprofit,Medium,,Osceola households in crisis,https://orlando.salvationarmyflorida.org/Kissimmee,Included via community resource guide; current availability should be verified on outreach.
Changing Homelessness,Duval County,,,,,Changing Homelessness,Nonprofit,High,Email Sent,"People experiencing homelessness in Duval and nearby counties, including veterans and families",https://www.changinghomelessness.org,Important for referrals from coordinated entry and outreach teams.
Family Promise of Jacksonville,Duval County,,,,,Family Promise of Jacksonville,Nonprofit,High,,Families with children experiencing homelessness,https://familypromisejax.org/get-help/,"If funding is available, the organization says it will respond within three business days."
Sulzbacher,Duval County,,,,,Sulzbacher,Nonprofit,High,,"Men, women, children, veterans, and families experiencing homelessness",https://www.sulzbacherjax.org,Large provider with multiple housing-related programs.
Catholic Charities Jacksonville,Duval County,,,,,Catholic Charities Jacksonville,Nonprofit,High,,"Households struggling to pay rent, mortgage, utilities, or deposits",https://www.ccbjax.org/emergency-financial-assistance,Good target for deposit-assisted move-ins.
Downtown Ecumenical Services Council (DESC),Duval County,,,,,Downtown Ecumenical Services Council (DESC),Nonprofit,High,,"Households with children, seniors, or someone with a disability",https://descjax.org/assistance-services/get-help-with-rent-or-utilities/,Cannot help once an eviction summons is already issued.
Northeast Florida Community Action Agency (NFCAA) - Duval,Duval County,2055 Reyko Rd Suite 200,Jacksonville,FL,32207,Northeast Florida Community Action Agency (NFCAA) - Duval,Nonprofit,Medium,,Income-qualified households in Duval County,https://nfcaa.org/utility-assistance/,Resource directory indicates shelter agreement and W-9 can be required for rent help.
Jacksonville Eviction Diversion Program,Duval County,,,,,Jacksonville Eviction Diversion Program,Program administered with community partners,Medium,,Tenants and landlords working to avoid eviction in Duval County,https://jacksonvilleevictiondiversion.org,Up to three months of back rent per site language.
City of Jacksonville Emergency Financial Assistance Program,Duval County,"Midtown Centre, 1809 Art Museum Dr Suite 100",Jacksonville,FL,32207,City of Jacksonville Emergency Financial Assistance Program,City program,Medium,,Duval residents facing documentable crisis,https://www.jacksonville.gov/departments/parks-and-recreation/social-services/emergency-financial-assistance-program,Court-ordered eviction notices receive priority.
The Salvation Army of Northeast Florida,Duval County,,,,,The Salvation Army of Northeast Florida,Nonprofit,Medium,,Low-income Duval residents facing eviction or disconnection,https://jacksonville.salvationarmyflorida.org/nefl/rental-assistance,Official page directs prospects to Towers Center of Hope for qualification.
Homeless Coalition of St. Johns County,St. Johns County,62 Chapin St, St. Augustine,FL,32084,Homeless Coalition of St. Johns County,Nonprofit,High,,Homeless families with minor children and other vulnerable households,https://homelesscoalitionstjohns.com/about/,One of the most relevant St. Johns nonprofits for direct outreach.
St. Johns County Continuum of Care / Opening Doors network,St. Johns County,100 Whetstone Place Suite 303, St. Augustine,FL,32086,St. Johns County Continuum of Care / Opening Doors network,Countywide network,High,,"County residents needing housing, shelter, and referral services",https://www.stjohnscountycoc.org/opening-doors,"Useful master list for agencies, shelters, and niche programs."
Catholic Charities St. Augustine,St. Johns County,,,,,Catholic Charities St. Augustine,Nonprofit,High,,"Families, elderly, disabled individuals, and others on the brink of homelessness",https://www.ccbstaug.org/emergency-financial-assistance,Covers St. Johns County along with neighboring counties.
St. Johns County Social Services - Limited Rental and Utility Assistance,St. Johns County,200 San Sebastian View Suite 2300, St. Augustine,FL,32084,St. Johns County Social Services - Limited Rental and Utility Assistance,County program,Medium,,St. Johns residents with documented financial crisis,https://www.sjcfl.us/limited-rental-and-utility-assistance/,Assistance generally available once in an 18-month period.
Home Again St. Johns,St. Johns County,285 S Holmes Blvd, St. Augustine,FL,32084,Home Again St. Johns,Nonprofit,High,,Housing-challenged residents and veterans in St. Johns County,https://www.homeagainsaintjohns.org,Housing coalition provider page lists direct phone and service summary.
St. Vincent de Paul Society - St. Augustine,St. Johns County,,,,,St. Vincent de Paul Society - St. Augustine,Nonprofit,Medium,,Residents in need in St. Johns County,https://www.svdpsa.com/neighbor-services.html,School district resource guide says it helps with rent and utilities.
St. Francis House,St. Johns County,70 Washington St, St. Augustine,FL,32084,St. Francis House,Nonprofit,Medium,,"Men, women, and families experiencing homelessness",https://www.stfrancisshelter.org/,More of a placement/referral relationship than a funding source.
St. Johns Housing Partnership,St. Johns County,,,,,St. Johns Housing Partnership,Nonprofit,Medium,,"Low- and moderate-income households, seniors, disabled residents, and veterans",https://www.sjhp.org/rent/,Good strategic contact for county affordable-housing relationships.
Michael Clark- Sheriff,St. Johns County,,,,,Michael Clark- Sheriff,,,Email Sent,, www.sjso.org,
